Algorithm,Average IoU
CSRT,0.5473988912660503
KCF,0.3299592550454671
MIL,0.4694260219693711
